{"cameraMode":{"drawMode":3,"name":"Shadow Cascades","section":"Miscellaneous"},"sceneLighting":true,"audioPlay":false,"sceneViewState":{"showFog":true,"showMaterialUpdate":true,"showSkybox":true,"showFlares":true,"showImageEffects":true,"showParticleSystems":true},"in2DMode":false,"pivot":{"x":-0.7217737436294556,"y":1.7086435556411744,"z":-2.2424514293670656},"rotation":{"x":0.24063640832901,"y":0.015091740526258946,"z":-0.003848780645057559,"w":0.9706723690032959},"size":9.036202430725098,"orthographic":false}