{"cameraMode":{"drawMode":3,"name":"Shadow Cascades","section":"Miscellaneous"},"sceneLighting":true,"audioPlay":false,"sceneViewState":{"showFog":true,"showMaterialUpdate":true,"showSkybox":true,"showFlares":true,"showImageEffects":true,"showParticleSystems":true},"in2DMode":false,"pivot":{"x":-126.31890106201172,"y":-19.45436668395996,"z":-28.275999069213868},"rotation":{"x":0.15413887798786164,"y":-0.19282424449920655,"z":0.030678000301122667,"w":0.9686033129692078},"size":1638.9378662109375,"orthographic":false}