{"cameraMode":{"drawMode":3,"name":"Shadow Cascades","section":"Miscellaneous"},"sceneLighting":true,"audioPlay":false,"sceneViewState":{"showFog":true,"showMaterialUpdate":true,"showSkybox":true,"showFlares":true,"showImageEffects":true,"showParticleSystems":true},"in2DMode":false,"pivot":{"x":-0.11999988555908203,"y":0.29334181547164919,"z":-1.7100000381469727},"rotation":{"x":0.28535521030426028,"y":-0.05347537249326706,"z":0.01592821441590786,"w":0.9569018483161926},"size":20.827232360839845,"orthographic":false}