{"cameraMode":{"drawMode":3,"name":"Shadow Cascades","section":"Miscellaneous"},"sceneLighting":true,"audioPlay":false,"sceneViewState":{"showFog":true,"showMaterialUpdate":true,"showSkybox":true,"showFlares":true,"showImageEffects":true,"showParticleSystems":true},"in2DMode":false,"pivot":{"x":434.61376953125,"y":249.43136596679688,"z":51.4494743347168},"rotation":{"x":0.11199362576007843,"y":-0.0008859435911290348,"z":0.0002896839287132025,"w":0.9938828349113464},"size":502.0859375,"orthographic":true}