{"cameraMode":{"drawMode":3,"name":"Shadow Cascades","section":"Miscellaneous"},"sceneLighting":true,"audioPlay":false,"sceneViewState":{"showFog":true,"showMaterialUpdate":true,"showSkybox":true,"showFlares":true,"showImageEffects":true,"showParticleSystems":true},"in2DMode":false,"pivot":{"x":-0.6514372825622559,"y":-0.30078601837158205,"z":-6.712318420410156},"rotation":{"x":-0.42743372917175295,"y":0.27825599908828738,"z":-0.14017407596111298,"w":-0.8488160371780396},"size":21.884307861328126,"orthographic":false}