{"cameraMode":{"drawMode":3,"name":"Shadow Cascades","section":"Miscellaneous"},"sceneLighting":true,"audioPlay":false,"sceneViewState":{"showFog":true,"showMaterialUpdate":true,"showSkybox":true,"showFlares":true,"showImageEffects":true,"showParticleSystems":true},"in2DMode":false,"pivot":{"x":-1.4979816675186158,"y":2.3300511837005617,"z":-14.034077644348145},"rotation":{"x":0.2332233488559723,"y":0.05830807983875275,"z":-0.01398528553545475,"w":0.9706234335899353},"size":8.06579875946045,"orthographic":false}