{"cameraMode":{"drawMode":3,"name":"Shadow Cascades","section":"Miscellaneous"},"sceneLighting":true,"audioPlay":false,"sceneViewState":{"showFog":true,"showMaterialUpdate":true,"showSkybox":true,"showFlares":true,"showImageEffects":true,"showParticleSystems":true},"in2DMode":false,"pivot":{"x":0.0032594799995422365,"y":1.2605342864990235,"z":-0.296133428812027},"rotation":{"x":0.1269947588443756,"y":0.0849921777844429,"z":-0.010935421101748944,"w":0.9882151484489441},"size":11.358916282653809,"orthographic":false}